name,pos,rating,club,nation
Niko Jovic,GK,91,FC Harbourside,Serbia
Omar Esposito,GK,83,CF Alondra,Poland
Shin Ilic,GK,80,Baltic Vik,Serbia
Didier Esposito,GK,77,Spartak Vesna,Japan
Casper Adeyemi,GK,74,Baltic Vik,Brazil
Viktor Jovic,GK,72,Dynamo Ostrava,Spain
Hakim Cardoso,GK,70,Rotherhill Town,Spain
Idris Kubica,GK,68,Spartak Vesna,Morocco
Emre Nakamura,GK,67,Ironworks AFC,Italy
Salif Boateng,GK,65,Ironworks AFC,Brazil
Noor Rahman,GK,63,Baltic Vik,Egypt
Emre Asante,GK,62,Sunder Athletic,Japan
Jin Baraka,DEF,91,Sunder Athletic,Spain
Pedro Ziani,DEF,87,CF Alondra,Poland
Bruno Baraka,DEF,85,Northgate United,Poland
Arun Havel,DEF,83,Real Calavera,South Korea
Olu Esposito,DEF,82,CF Alondra,Finland
Jamal Almeida,DEF,80,Kestrel Rovers,Japan
Salif Almeida,DEF,79,Club Estrella,Ethiopia
Kofi Watanabe,DEF,78,Sunder Athletic,Spain
Jin Mbeki,DEF,77,Ironworks AFC,Czechia
Didier Lindqvist,DEF,76,Atletico Monte,France
Salif Santos,DEF,75,Sunder Athletic,Denmark
Patrice Ziani,DEF,75,Sunder Athletic,Portugal
Idris Ilic,DEF,74,CF Alondra,Ethiopia
Mateus Holm,DEF,73,Pelagos SC,Portugal
Olu Kowalski,DEF,72,Club Estrella,Portugal
Ismail Park,DEF,72,Sunder Athletic,Sweden
Bo Ilic,DEF,71,Rotherhill Town,Japan
Patrice Delgado,DEF,70,Atletico Monte,Portugal
Didier Yilmaz,DEF,69,Northgate United,Portugal
Lars Virtanen,DEF,69,Spartak Vesna,France
Patrice Moreno,DEF,68,FC Harbourside,France
Mateus Virtanen,DEF,68,Club Estrella,Denmark
Jamal Okonkwo,DEF,67,Pelagos SC,Poland
Dawit Ilic,DEF,66,Atletico Monte,Ethiopia
Arun Almeida,DEF,66,Atletico Monte,France
Idris Holm,DEF,65,Spartak Vesna,Egypt
Luca Havel,DEF,65,Ironworks AFC,South Korea
Rafa Novak,DEF,64,Atletico Monte,South Korea
Patrice Novak,DEF,64,Northgate United,Japan
Andrej Mehta,DEF,63,Real Calavera,Denmark
Felipe Vasquez,DEF,63,Northgate United,South Korea
Bruno Jovic,DEF,62,Ironworks AFC,Portugal
Milos Petrovic,MID,91,Sunder Athletic,Portugal
Dawit Esposito,MID,86,Veldspar FC,India
Lars Santos,MID,83,Dynamo Ostrava,Egypt
Nico Haddad,MID,82,Baltic Vik,France
Arun Mehta,MID,80,Meridian 04,Nigeria
Patrice Roux,MID,78,Veldspar FC,Nigeria
Elias Tanaka,MID,77,Baltic Vik,Ghana
Bruno Vasquez,MID,76,Atletico Monte,South Korea
Sven Santos,MID,75,Atletico Monte,Turkey
Ismail Novak,MID,74,Club Estrella,Egypt
Elias Delgado,MID,73,Spartak Vesna,Spain
Ren Benali,MID,72,Rotherhill Town,Turkey
Hakim Diarra,MID,71,Sunder Athletic,Egypt
Casper Diarra,MID,70,Veldspar FC,Morocco
Pedro Almeida,MID,69,Baltic Vik,Japan
Pedro Santos,MID,68,Club Estrella,Japan
Sven Krishnan,MID,67,Northgate United,Sweden
Salif Roux,MID,66,Pelagos SC,Egypt
Elias Benali,MID,66,Northgate United,Denmark
Luca Cardoso,MID,65,Dynamo Ostrava,Japan
Nico Jensen,MID,64,Dynamo Ostrava,Poland
Casper Tesfaye,MID,63,Club Estrella,Ethiopia
Tomas Adeyemi,MID,63,Club Estrella,Japan
Jin Ferrari,MID,62,FC Harbourside,Nigeria
Felipe Benali,FWD,91,FC Harbourside,South Korea
Milos Jensen,FWD,86,Spartak Vesna,Italy
Milos Ferrari,FWD,83,Club Estrella,Czechia
Ravi Okonkwo,FWD,81,CF Alondra,Czechia
Rafa Okonkwo,FWD,79,Real Calavera,Japan
Diego Vasquez,FWD,78,Ironworks AFC,Japan
Olu Nakamura,FWD,76,Rotherhill Town,Morocco
Salif Said,FWD,75,Real Calavera,Spain
Milos Said,FWD,74,Dynamo Ostrava,France
Salif Park,FWD,73,FC Harbourside,Denmark
Idris Ziani,FWD,72,Meridian 04,Italy
Felipe Tanaka,FWD,71,CF Alondra,Brazil
Casper Haddad,FWD,70,Ironworks AFC,Japan
Ren Delgado,FWD,69,Pelagos SC,Poland
Kwame Virtanen,FWD,68,Pelagos SC,Ghana
Shin Tanaka,FWD,67,FC Harbourside,Turkey
Nico Petrovic,FWD,66,FC Harbourside,Nigeria
Tomas Santos,FWD,65,Rotherhill Town,France
Ren Vasquez,FWD,64,CF Alondra,Poland
Tomas Cardoso,FWD,64,CF Alondra,Spain
Andrej Moreno,FWD,63,CF Alondra,Serbia
Tomas Benali,FWD,62,Northgate United,Ethiopia
